[
	{
		"title": "Starger",
		"tags": "",
		"body": "Hello",
		"position": {
			"x": -709,
			"y": -343
		},
		"colorID": 7
	},
	{
		"title": "Starger",
		"tags": "",
		"body": "I am okay[[Answer:Node_3|Node_3]]",
		"position": {
			"x": -1329,
			"y": -402
		},
		"colorID": 1
	},
	{
		"title": "Node_2",
		"tags": "",
		"body": "[[Answer:Starger|Starger]][b][b][/b][/b]",
		"position": {
			"x": -452,
			"y": -96
		},
		"colorID": 8
	},
	{
		"title": "Node_3",
		"tags": "",
		"body": "Empty Text",
		"position": {
			"x": -209,
			"y": -528
		},
		"colorID": 0
	}
]